{
	"info": {
		"_postman_id": "dbe6760d-c9e3-4c2a-8d60-a1bb1c5faaf9",
		"name": "MRP",
		"schema": "https://schema.getpostman.com/json/collection/v2.1.0/collection.json",
		"_exporter_id": "49123993",
		"_collection_link": "https://glenkasa18-1838065.postman.co/workspace/glenkasa18's-Workspace~0d82cea3-5c9e-42a7-87ec-4586804a463f/collection/49123993-dbe6760d-c9e3-4c2a-8d60-a1bb1c5faaf9?action=share&source=collection_link&creator=49123993"
	},
	"item": [
		{
			"name": "Media",
			"item": [
				{
					"name": "create media",
					"event": [
						{
							"listen": "test",
							"script": {
								"exec": [
									"const data = pm.response.json();\r",
									"if (data && data.id) pm.environment.set('mediaId', data.id);\r",
									""
								],
								"type": "text/javascript",
								"packages": {},
								"requests": {}
							}
						}
					],
					"request": {
						"auth": {
							"type": "bearer",
							"bearer": [
								{
									"key": "token",
									"value": "{{token}}",
									"type": "string"
								}
							]
						},
						"method": "POST",
						"header": [],
						"body": {
							"mode": "raw",
							"raw": "{\r\n  \"title\": \"The Matrix\",\r\n  \"description\": \"Sci-fi classic\",\r\n  \"mediaType\": \"movie\",\r\n  \"releaseYear\": 1999,\r\n  \"genres\": \"sci-fi,action\",\r\n  \"ageRestriction\": 16\r\n}\r\n",
							"options": {
								"raw": {
									"language": "json"
								}
							}
						},
						"url": {
							"raw": "{{baseUrl}}/api/media",
							"host": [
								"{{baseUrl}}"
							],
							"path": [
								"api",
								"media"
							]
						}
					},
					"response": []
				},
				{
					"name": "List media (with query)",
					"request": {
						"method": "GET",
						"header": []
					},
					"response": []
				},
				{
					"name": "one media",
					"request": {
						"method": "GET",
						"header": []
					},
					"response": []
				},
				{
					"name": "update media (owner only)",
					"request": {
						"method": "GET",
						"header": []
					},
					"response": []
				},
				{
					"name": "DELETE media (owner only)",
					"request": {
						"method": "GET",
						"header": []
					},
					"response": []
				}
			]
		},
		{
			"name": "Ratings",
			"item": [
				{
					"name": "create rating for a media",
					"event": [
						{
							"listen": "test",
							"script": {
								"exec": [
									"const data = pm.response.json();\r",
									"if (data && data.id) pm.environment.set('ratingId', data.id);\r",
									""
								],
								"type": "text/javascript",
								"packages": {},
								"requests": {}
							}
						}
					],
					"request": {
						"auth": {
							"type": "bearer",
							"bearer": [
								{
									"key": "token",
									"value": "{{token}}",
									"type": "string"
								}
							]
						},
						"method": "POST",
						"header": [],
						"body": {
							"mode": "raw",
							"raw": "{ \"stars\": 5, \"comment\": \"Loved it!\" }",
							"options": {
								"raw": {
									"language": "json"
								}
							}
						},
						"url": {
							"raw": "{{baseUrl}}/api/media/{{mediaId}}/ratings",
							"host": [
								"{{baseUrl}}"
							],
							"path": [
								"api",
								"media",
								"{{mediaId}}",
								"ratings"
							]
						}
					},
					"response": []
				},
				{
					"name": "ratings for a media",
					"request": {
						"method": "GET",
						"header": [],
						"url": {
							"raw": "{{baseUrl}}/api/media/{{mediaId}}/ratings",
							"host": [
								"{{baseUrl}}"
							],
							"path": [
								"api",
								"media",
								"{{mediaId}}",
								"ratings"
							]
						}
					},
					"response": []
				},
				{
					"name": "update your rating",
					"request": {
						"method": "GET",
						"header": []
					},
					"response": []
				},
				{
					"name": "your rating",
					"request": {
						"auth": {
							"type": "bearer",
							"bearer": [
								{
									"key": "token",
									"value": "{{token}}",
									"type": "string"
								}
							]
						},
						"method": "DELETE",
						"header": [],
						"url": {
							"raw": "{{baseUrl}}/api/ratings/{{ratingId}}",
							"host": [
								"{{baseUrl}}"
							],
							"path": [
								"api",
								"ratings",
								"{{ratingId}}"
							]
						}
					},
					"response": []
				}
			]
		},
		{
			"name": "Users",
			"item": [
				{
					"name": "profile",
					"request": {
						"auth": {
							"type": "bearer",
							"bearer": [
								{
									"key": "token",
									"value": "{{token}}",
									"type": "string"
								}
							]
						},
						"method": "GET",
						"header": [],
						"url": {
							"raw": "{{baseUrl}}/api/users/alice/profile",
							"host": [
								"{{baseUrl}}"
							],
							"path": [
								"api",
								"users",
								"alice",
								"profile"
							]
						}
					},
					"response": []
				},
				{
					"name": "register",
					"request": {
						"auth": {
							"type": "noauth"
						},
						"method": "POST",
						"header": [
							{
								"key": "Content-Type",
								"value": "application/json",
								"type": "text"
							}
						],
						"body": {
							"mode": "raw",
							"raw": "{ \"username\": \"alice\", \"password\": \"s3cret123\" }",
							"options": {
								"raw": {
									"language": "json"
								}
							}
						},
						"url": {
							"raw": "{{baseUrl}}/api/users/register",
							"host": [
								"{{baseUrl}}"
							],
							"path": [
								"api",
								"users",
								"register"
							]
						}
					},
					"response": []
				},
				{
					"name": "login",
					"event": [
						{
							"listen": "test",
							"script": {
								"exec": [
									"const data = pm.response.json();\r",
									"if (data && data.token) {\r",
									"  pm.environment.set(\"token\", data.token);\r",
									"  pm.environment.set(\"aliceUsername\", \"alice\");\r",
									"}\r",
									""
								],
								"type": "text/javascript",
								"packages": {},
								"requests": {}
							}
						}
					],
					"request": {
						"auth": {
							"type": "noauth"
						},
						"method": "POST",
						"header": [
							{
								"key": "Content-Type",
								"value": "application/json",
								"type": "text"
							}
						],
						"body": {
							"mode": "raw",
							"raw": "{ \"Username\": \"alice\", \"Password\": \"s3cret123\" }\r\n",
							"options": {
								"raw": {
									"language": "json"
								}
							}
						},
						"url": {
							"raw": "{{baseUrl}}/api/users/login",
							"host": [
								"{{baseUrl}}"
							],
							"path": [
								"api",
								"users",
								"login"
							]
						}
					},
					"response": []
				}
			]
		}
	]
}